05334^Aachen^Aachen, Städteregion[FN 2]^Nordrhein-Westfalen^Zollernstr. 10^52070 Aachen^undefined^www.staedteregion-aachen.de
07131^Bad Neuenahr-Ahrweiler^Ahrweiler^Rheinland-Pfalz^Wilhelmstraße 24–30^53474 Bad Neuenahr-Ahrweiler^undefined^www.kreis-ahrweiler.de
09771^Aichach^Aichach-Friedberg^Bayern^Münchener Str. 9^86551 Aichach^undefined^www.lra-aic-fdb.de
08425^Ulm[FN 3]^Alb-Donau-Kreis^Baden-Württemberg^Schillerstraße 30^89077 Ulm^undefined^www.alb-donau-kreis.de
16077^Altenburg^Altenburger Land^Thüringen^Lindenaustraße 9^04600 Altenburg^undefined^altenburgerland.de
07132^Altenkirchen (Westerwald)^Altenkirchen (Westerwald)^Rheinland-Pfalz^Parkstraße 1^57610 Altenkirchen^undefined^www.kreis-altenkirchen.de
15081^Salzwedel^Altmarkkreis Salzwedel^Sachsen-Anhalt^Karl-Marx-Straße 32^29410 Salzwedel^undefined^www.altmarkkreis-salzwedel.de
09171^Altötting^Altotting! Altötting^Bayern^Bahnhofstr. 38^84503 Altötting^undefined^www.landkreis-altoetting.de
07331^Alzey^Alzey-Worms^Rheinland-Pfalz^Ernst-Ludwig-Straße 36^55232 Alzey^undefined^kreis-alzey-worms.eu
09371^Amberg[FN 3]^Amberg-Sulzbach^Bayern^Schlossgraben 3^92224 Amberg^undefined^www.kreis-as.de
03451^Westerstede^Ammerland^Niedersachsen^Ammerlandallee 12^26655 Westerstede^undefined^www.ammerland.de
15082^Kothen! Köthen^Anhalt-Bitterfeld^Sachsen-Anhalt^Am Flugplatz 1^06366 Köthen (Anhalt)^undefined^www.anhalt-bitterfeld.de
09571^Ansbach[FN 3]^Ansbach^Bayern^Crailsheimstr. 1^91522 Ansbach^undefined^www.landkreis-ansbach.de
09671^Aschaffenburg[FN 3]^Aschaffenburg^Bayern^Bayernstraße 18^63739 Aschaffenburg^undefined^www.landkreis-aschaffenburg.de
09772^Augsburg[FN 3]^Augsburg^Bayern^Prinzregentenplatz 4^86150 Augsburg^undefined^www.landkreis-augsburg.de
03452^Aurich^Aurich^Niedersachsen^Fischteichweg 7-13^26603 Aurich^undefined^www.landkreis-aurich.de
07332^Bad Dürkheim^Bad Durkheim! Bad Dürkheim^Rheinland-Pfalz^Philipp-Fauth-Straße 11^67098 Bad Dürkheim^undefined^www.kreis-bad-duerkheim.de
09672^Bad Kissingen^Bad Kissingen^Bayern^Obere Marktstr. 6^97688 Bad Kissingen^undefined^www.landkreis-badkissingen.de
07133^Bad Kreuznach^Bad Kreuznach^Rheinland-Pfalz^Salinenstraße 47^55543 Bad Kreuznach^undefined^kreis-badkreuznach.de
09173^Bad Tölz^Bad Tolz Wolfratshausen! Bad Tölz-Wolfratshausen^Bayern^Prof.-Max-Lange-Platz 1^83646 Bad Tölz^undefined^www.lra-toelz.de
09471^Bamberg[FN 3]^Bamberg^Bayern^Ludwigstraße 23^96045 Bamberg^undefined^www.landkreis-bamberg.de
12060^Eberswalde^Barnim^Brandenburg^Am Markt 1^16225 Eberswalde^undefined^www.barnim.de
14625^Bautzen^Bautzen^Sachsen^Bahnhofstraße 9^02625 Bautzen^undefined^www.landkreis-bautzen.de
09472^Bayreuth[FN 3]^Bayreuth^Bayern^Markgrafenallee 5^95448 Bayreuth^undefined^www.landkreis-bayreuth.de
09172^Bad Reichenhall^Berchtesgadener Land^Bayern^Salzburger Straße 64^83435 Bad Reichenhall^undefined^www.lra-bgl.de
06431^Heppenheim^Bergstraße^Hessen^Gräffstraße 5^64646 Heppenheim (Bergstraße)^undefined^www.kreis-bergstrasse.de
07231^Wittlich^Bernkastel-Wittlich^Rheinland-Pfalz^Kurfürstenstraße 16^54516 Wittlich^undefined^www.bernkastel-wittlich.de
08426^Biberach an der Riß^Biberach^Baden-Württemberg^Rollinstraße 9^88400 Biberach^undefined^www.landkreis-biberach.de
07134^Birkenfeld^Birkenfeld^Rheinland-Pfalz^Schneewiesenstraße 25^55765 Birkenfeld^undefined^www.landkreis-birkenfeld.de
08115^Boblingen! Böblingen^Boblingen! Böblingen^Baden-Württemberg^Parkstraße 16^71034 Böblingen^undefined^www.lrabb.de
08435^Friedrichshafen^Bodenseekreis^Baden-Württemberg^Glärnischstraße 1-3^88045 Friedrichshafen^undefined^www.bodenseekreis.de
15083^Haldensleben^Borde! Börde^Sachsen-Anhalt^Gerikestraße 104^39340 Haldensleben^undefined^www.boerdekreis.de
05554^Borken^Borken^Nordrhein-Westfalen^Burloer Straße 93^46325 Borken^undefined^www.kreis-borken.de
08315^Freiburg im Breisgau[FN 3]^Breisgau-Hochschwarzwald^Baden-Württemberg^Stadtstraße 2^79104 Freiburg im Breisgau^undefined^www.breisgau-hochschwarzwald.de
15084^Naumburg (Saale)^Burgenlandkreis^Sachsen-Anhalt^Schönburger Straße 41^06618 Naumburg^undefined^www.burgenlandkreis.de
08235^Calw^Calw^Baden-Württemberg^Vogteistraße 42–46^75365 Calw^undefined^www.landkreis-calw.de
03351^Celle^Celle^Niedersachsen^Trift 26^29221 Celle^undefined^www.landkreis-celle.de
09372^Cham^Cham^Bayern^Rachelstr. 6^93413 Cham^undefined^Landkreis Cham
03453^Cloppenburg^Cloppenburg^Niedersachsen^Eschstraße 29^49661 Cloppenburg^undefined^www.lkclp.de
09473^Coburg[FN 3]^Coburg^Bayern^Lauterer Str. 60^96450 Coburg^undefined^www.landkreis-coburg.de
07135^Cochem^Cochem-Zell^Rheinland-Pfalz^Endertplatz 2^56812 Cochem^undefined^www.cochem-zell.de
05558^Coesfeld^Coesfeld^Nordrhein-Westfalen^Friedrich-Ebert-Straße 7^48651 Coesfeld^undefined^www.kreis-coesfeld.de
03352^Cuxhaven^Cuxhaven^Niedersachsen^Vincent-Lübeck-Straße 2^27474 Cuxhaven^undefined^www.landkreis-cuxhaven.de
09174^Dachau^Dachau^Bayern^Weiherweg 16^85221 Dachau^undefined^www.landratsamt-dachau.de
12061^Lubben! Lübben (Spreewald)^Dahme-Spreewald^Brandenburg^Reutergasse 12^15907 Lübben (Spreewald)^undefined^www.dahme-spreewald.de
06432^Darmstadt[FN 3]^Darmstadt-Dieburg^Hessen^Jägertorstraße 207^64289 Darmstadt^undefined^www.ladadi.de
09271^Deggendorf^Deggendorf^Bayern^Herrenstr. 18^94469 Deggendorf^undefined^www.landkreis-deggendorf.de
03251^Diepholz^Diepholz^Niedersachsen^Niedersachsenstraße 2^49356 Diepholz^undefined^www.diepholz.de
09773^Dillingen an der Donau^Dillingen an der Donau^Bayern^Große Allee 24^89407 Dillingen an der Donau^undefined^www.landkreis-dillingen.de
09279^Dingolfing^Dingolfing-Landau^Bayern^Obere Stadt 1^84130 Dingolfing^undefined^www.lkr-dgf.bayern.de
01051^Heide^Dithmarschen^Schleswig-Holstein^Stettiner Straße 30^25746 Heide^undefined^www.dithmarschen.de
09779^Donauwörth^Donau-Ries^Bayern^Pflegstraße 2^86609 Donauwörth^undefined^www.donau-ries.de
07333^Kirchheimbolanden^Donnersbergkreis^Rheinland-Pfalz^Uhlandstraße 2^67292 Kirchheimbolanden^undefined^www.donnersberg.de
05358^Düren^Duren! Düren^Nordrhein-Westfalen^Bismarckstraße 16^52348 Düren^undefined^www.kreis-dueren.de
09175^Ebersberg^Ebersberg^Bayern^Eichthalstraße 5^85560 Ebersberg^undefined^www.landkreis-ebersberg.de
16061^Heilbad Heiligenstadt^Eichsfeld^Thüringen^Friedensplatz 8^37308 Heilbad Heiligenstadt^undefined^www.kreis-eic.de
09176^Eichstätt^Eichstatt! Eichstätt^Bayern^Residenzplatz 1^85072 Eichstätt^undefined^www.landkreis-eichstaett.de
07232^Bitburg^Eifelkreis Bitburg Prum! Eifelkreis Bitburg-Prüm^Rheinland-Pfalz^Trierer Straße 1^54634 Bitburg^undefined^www.bitburg-pruem.de
12062^Herzberg (Elster)^Elbe-Elster^Brandenburg^Ludwig-Jahn-Straße 2^04916 Herzberg (Elster)^undefined^www.lkee.de
08316^Emmendingen^Emmendingen^Baden-Württemberg^Bahnhofstraße 2-4^79312 Emmendingen^undefined^www.landkreis-emmendingen.de
03454^Meppen^Emsland^Niedersachsen^Ordeniederung 1^49716 Meppen^undefined^www.emsland.de
05954^Schwelm^Ennepe-Ruhr-Kreis^Nordrhein-Westfalen^Hauptstraße 92^58332 Schwelm^undefined^www.enkreis.de
08236^Pforzheim[FN 3]^Enzkreis^Baden-Württemberg^Zähringerallee 3^75177 Pforzheim^undefined^www.enzkreis.de
09177^Erding^Erding^Bayern^Alois-Schießl-Platz 2^85435 Erding^undefined^www.landkreis-erding.de
09572^Erlangen[FN 3]^Erlangen Hochstatt! Erlangen-Höchstadt^Bayern^Marktplatz 6^91054 Erlangen^undefined^www.erlangen-hoechstadt.de
14521^Annaberg-Buchholz^Erzgebirgskreis^Sachsen^Paulus-Jenisius-Straße 24^09456 Annaberg-Buchholz^undefined^www.erzgebirgskreis.de
08116^Esslingen am Neckar^Esslingen^Baden-Württemberg^Pulverwiesen 11^73728 Esslingen^undefined^www.landkreis-esslingen.de
05366^Euskirchen^Euskirchen^Nordrhein-Westfalen^Jülicher Ring 32^53879 Euskirchen^undefined^www.kreis-euskirchen.de
09474^Forchheim^Forchheim^Bayern^Am Streckerplatz 3^91301 Forchheim^undefined^www.landkreis-forchheim.de
09178^Freising^Freising^Bayern^Landshuter Str. 31^85356 Freising^undefined^kreis-freising.de
08237^Freudenstadt^Freudenstadt^Baden-Württemberg^Herrenfelder Straße 14^72250 Freudenstadt^undefined^www.landkreis-freudenstadt.de
09272^Freyung^Freyung-Grafenau^Bayern^Grafenauer Str. 44^94078 Freyung^undefined^www.freyung-grafenau.de
03455^Jever^Friesland^Niedersachsen^Lindenallee 1^26441 Jever^undefined^www.friesland.de
06631^Fulda^Fulda^Hessen^Wörthstraße 15^36037 Fulda^undefined^www.landkreis-fulda.de
09179^Fürstenfeldbruck^Furstenfeldbruck! Fürstenfeldbruck^Bayern^Münchner Str. 32^82256 Fürstenfeldbruck^undefined^www.lra-ffb.de
09573^Zirndorf^Furth! Fürth^Bayern^Im Pinderpark 2^90513 Zirndorf^undefined^www.landkreis-fuerth.de
09180^Garmisch-Partenkirchen^Garmisch-Partenkirchen^Bayern^Olympiastraße 10^82467 Garmisch-Partenkirchen^undefined^www.lra-gap.de
07334^Germersheim^Germersheim^Rheinland-Pfalz^Luitpoldplatz 1^76726 Germersheim^undefined^www.kreis-germersheim.de
06531^Gießen^Gießen^Hessen^Riversplatz 1–9^35394 Gießen^undefined^www.lkgi.de
03151^Gifhorn^Gifhorn^Niedersachsen^Schlossplatz 1^38518 Gifhorn^undefined^www.gifhorn.de
08117^Goppingen! Göppingen^Goppingen! Göppingen^Baden-Württemberg^Lorcher Straße 6^73033 Göppingen^undefined^www.landkreis-goeppingen.de
14626^Gorlitz! Görlitz^Gorlitz! Görlitz^Sachsen^Bahnhofstraße 24^02826 Görlitz^undefined^www.kreis-goerlitz.de
03153^Goslar^Goslar^Niedersachsen^Klubgartenstraße 6^38640 Goslar^undefined^www.landkreis-goslar.de
16067^Gotha^Gotha^Thüringen^18.-März-Straße 50^99867 Gotha^undefined^www.landkreis-gotha.de
03152^Gottingen! Göttingen^Gottingen! Göttingen^Niedersachsen^Reinhäuser Landstraße 4^37083 Göttingen^undefined^www.landkreis-goettingen.de
03456^Nordhorn^Grafschaft Bentheim^Niedersachsen^Van-Delden-Straße 1–7^48529 Nordhorn^undefined^www.grafschaft-bentheim.de
16076^Greiz^Greiz^Thüringen^Dr.-Rathenau-Platz 11^07973 Greiz^undefined^www.landkreis-greiz.de
06433^Groß-Gerau^Gross Gerau! Groß-Gerau^Hessen^Wilhelm-Seipp-Straße 4^64521 Groß-Gerau^undefined^www.kreisgg.de
09774^Günzburg^Gunzburg! Günzburg^Bayern^An der Kapuzinermauer 1^89312 Günzburg^undefined^www.landkreis-guenzburg.de
05754^Gütersloh^Gutersloh! Gütersloh^Nordrhein-Westfalen^Herzebrocker Straße 140^33334 Gütersloh^undefined^www.kreis-guetersloh.de
03252^Hameln^Hameln-Pyrmont^Niedersachsen^Süntelstraße 9^31785 Hameln^undefined^www.hameln-pyrmont.de
03241^Hannover^Hannover, Region[FN 2]^Niedersachsen^Hildesheimer Straße 20^30169 Hannover^undefined^www.hannover.de
03353^Winsen (Luhe)^Harburg^Niedersachsen^Schlossplatz 6^21423 Winsen (Luhe)^undefined^www.landkreis-harburg.de
15085^Halberstadt^Harz^Sachsen-Anhalt^Friedrich-Ebert-Straße 42^38820 Halberstadt^undefined^www.kreis-hz.de
09674^Haßfurt^Hassberge! Haßberge^Bayern^Am Herrenhof 1^97437 Haßfurt^undefined^www.landkreis-hassberge.de
12063^Rathenow^Havelland^Brandenburg^Platz der Freiheit 1^14712 Rathenow^undefined^www.havelland.de
03358^Bad Fallingbostel^Heidekreis^Niedersachsen^Vogteistraße 19^29683 Bad Fallingbostel^undefined^www.heidekreis.de
08135^Heidenheim an der Brenz^Heidenheim^Baden-Württemberg^Felsenstraße 36^89518 Heidenheim an der Brenz^undefined^www.landkreis-heidenheim.de
08125^Heilbronn[FN 3]^Heilbronn^Baden-Württemberg^Lerchenstraße 40^74072 Heilbronn^undefined^www.landkreis-heilbronn.de
05370^Heinsberg^Heinsberg^Nordrhein-Westfalen^Valkenburger Straße 45^52525 Heinsberg^undefined^www.kreis-heinsberg.de
03154^Helmstedt^Helmstedt^Niedersachsen^Südertor 6^38350 Helmstedt^undefined^www.helmstedt.de
05758^Herford^Herford^Nordrhein-Westfalen^Amtshausstraße 3^32051 Herford^undefined^www.kreis-herford.de
06632^Bad Hersfeld^Hersfeld-Rotenburg^Hessen^Friedloser Straße 12^36251 Bad Hersfeld^undefined^www.hef-rof.de
01053^Ratzeburg^Herzogtum Lauenburg^Schleswig-Holstein^Barlachstraße 2^23909 Ratzeburg^undefined^www.herzogtum-lauenburg.de
16069^Hildburghausen^Hildburghausen^Thüringen^Wiesenstraße 18^98646 Hildburghausen^undefined^www.landkreis-hildburghausen.de
03254^Hildesheim^Hildesheim^Niedersachsen^Bischof-Janssen-Straße 31^31134 Hildesheim^undefined^www.landkreishildesheim.de
05958^Meschede^Hochsauerlandkreis^Nordrhein-Westfalen^Steinstraße 27^59872 Meschede^undefined^hochsauerlandkreis.de
06434^Bad Homburg vor der Höhe^Hochtaunuskreis^Hessen^Ludwig-Erhard-Anlage 1–5^61352 Bad Homburg v.d.Höhe^undefined^www.hochtaunuskreis.de
09475^Hof[FN 3]^Hof^Bayern^Schaumbergstr. 14^95032 Hof^undefined^www.landkreis-hof.de
08126^Kunzelsau! Künzelsau^Hohenlohekreis^Baden-Württemberg^Allee 17^74653 Künzelsau^undefined^www.hohenlohekreis.de
03255^Holzminden^Holzminden^Niedersachsen^Bürgermeister-Schrader-Str. 24^37603 Holzminden^undefined^www.landkreis-holzminden.de
05762^Hoxter! Höxter^Hoxter! Höxter^Nordrhein-Westfalen^Moltkestraße 12^37671 Höxter^undefined^www.kreis-hoexter.de
16070^Arnstadt^Ilm-Kreis^Thüringen^Ritterstraße 14^99310 Arnstadt^undefined^www.ilm-kreis.de
15086^Burg^Jerichower Land^Sachsen-Anhalt^Bahnhofstraße 9^39288 Burg^undefined^www.lkjl.de
07335^Kaiserslautern[FN 3]^Kaiserslautern^Rheinland-Pfalz^Lauterstraße 8^67657 Kaiserslautern^undefined^www.kaiserslautern-kreis.de
08215^Karlsruhe[FN 3]^Karlsruhe^Baden-Württemberg^Beiertheimer Allee 2^76137 Karlsruhe^undefined^www.landkreis-karlsruhe.de
06633^Kassel[FN 3]^Kassel^Hessen^Wilhelmshöher Allee 19–21^34117 Kassel^undefined^www.landkreiskassel.de
09273^Kelheim^Kelheim^Bayern^Schlossweg 3^93309 Kelheim^undefined^www.landkreis-kelheim.de
09675^Kitzingen^Kitzingen^Bayern^Kaiserstraße 4^97318 Kitzingen^undefined^www.landkreis-kitzingen.de
05154^Kleve^Kleve^Nordrhein-Westfalen^Nassauerallee 15–23^47533 Kleve^undefined^www.kreis-kleve.de
08335^Konstanz^Konstanz^Baden-Württemberg^Benediktinerplatz 1^78467 Konstanz^undefined^www.lrakn.de
09476^Kronach^Kronach^Bayern^Güterstraße 18^96317 Kronach^undefined^www.landkreis-kronach.de
09477^Kulmbach^Kulmbach^Bayern^Konrad-Adenauer-Str. 5^95326 Kulmbach^undefined^www.landkreis-kulmbach.de
07336^Kusel^Kusel^Rheinland-Pfalz^Trierer Straße 49–51^66869 Kusel^undefined^www.landkreis-kusel.de
16065^Sondershausen^Kyffhauserkreis! Kyffhäuserkreis^Thüringen^Markt 8^99706 Sondershausen^undefined^www.kyffhaeuser.de
06532^Wetzlar^Lahn-Dill-Kreis^Hessen^Karl-Kellner-Ring 51^35576 Wetzlar^undefined^www.lahn-dill-kreis.de
09181^Landsberg am Lech^Landsberg am Lech^Bayern^Von-Kühlmann-Straße 15^86899 Landsberg am Lech^undefined^www.landkreis-landsberg.de
09274^Landshut[FN 3]^Landshut^Bayern^Veldener Straße 15^84036 Landshut^undefined^www.landkreis-landshut.de
03457^Leer (Ostfriesland)^Leer^Niedersachsen^Bergmannstraße 37^26789 Leer (Ostfriesland)^undefined^www.landkreis-leer.de
14729^Borna^Leipzig^Sachsen^Stauffenbergstraße 4^04552 Borna^undefined^www.landkreisleipzig.de
09478^Lichtenfels^Lichtenfels^Bayern^Kronacher Straße 28–30^96215 Lichtenfels^undefined^www.landkreis-lichtenfels.de
06533^Limburg an der Lahn^Limburg-Weilburg^Hessen^Schiede 43^65549 Limburg a. d. Lahn^undefined^www.landkreis-limburg-weilburg.de
09776^Lindau (Bodensee)^Lindau (Bodensee)^Bayern^Stiftsplatz 4^88131 Lindau (Bodensee)^undefined^www.landkreis-lindau.de
05766^Detmold^Lippe^Nordrhein-Westfalen^Felix-Fechenbach-Straße 5^32756 Detmold^undefined^www.lippe.de
08336^Lorrach! Lörrach^Lorrach! Lörrach^Baden-Württemberg^Palmstraße 3^79539 Lörrach^undefined^www.loerrach-landkreis.de
03354^Luchow! Lüchow (Wendland)^Luchow Dannenberg! Lüchow-Dannenberg^Niedersachsen^Königsberger Straße 10^29439 Lüchow^undefined^www.luechow-dannenberg.de
08118^Ludwigsburg^Ludwigsburg^Baden-Württemberg^Hindenburgstraße 40^71638 Ludwigsburg^undefined^www.landkreis-ludwigsburg.de
13076^Parchim^Ludwigslust-Parchim^Mecklenburg-Vorpommern^Putlitzer Straße 25^19370 Parchim^undefined^www.kreis-swm.de
03355^Luneburg! Lüneburg^Luneburg! Lüneburg^Niedersachsen^Auf dem Michaeliskloster 4^21335 Lüneburg^undefined^www.landkreis-lueneburg.de
06435^Gelnhausen^Main-Kinzig-Kreis^Hessen^Barbarossastraße 16–24^63571 Gelnhausen^undefined^www.mkk.de
09677^Karlstadt^Main-Spessart^Bayern^Marktplatz 8^97753 Karlstadt^undefined^www.main-spessart.de
08128^Tauberbischofsheim^Main-Tauber-Kreis^Baden-Württemberg^Gartenstraße 1^97941 Tauberbischofsheim^undefined^www.main-tauber-kreis.de
06436^Hofheim am Taunus^Main-Taunus-Kreis^Hessen^Am Kreishaus 1–5^65719 Hofheim am Taunus^undefined^www.mtk.org
07339^Ingelheim am Rhein^Mainz-Bingen^Rheinland-Pfalz^Georg-Rückert-Straße 11^55218 Ingelheim am Rhein^undefined^www.mainz-bingen.de
15087^Sangerhausen^Mansfeld Sudharz! Mansfeld-Südharz^Sachsen-Anhalt^Rudolf-Breitscheid-Straße 20/22^06526 Sangerhausen^undefined^www.mansfeldsuedharz.de
06534^Marburg^Marburg-Biedenkopf^Hessen^Im Lichtenholz 60^35043 Marburg^undefined^www.marburg-biedenkopf.de
05962^Ludenscheid! Lüdenscheid^Markischer Kreis! Märkischer Kreis^Nordrhein-Westfalen^Heedfelder Straße 45^58509 Lüdenscheid^undefined^www.maerkischer-kreis.de
12064^Seelow^Markisch Oderland! Märkisch-Oderland^Brandenburg^Puschkinplatz 12^15306 Seelow^undefined^www.maerkisch-oderland.de
07137^Koblenz[FN 3]^Mayen-Koblenz^Rheinland-Pfalz^Bahnhofstraße 9^56068 Koblenz^undefined^www.kvmyk.de
13071^Neubrandenburg^Mecklenburgische Seenplatte^Mecklenburg-Vorpommern^Platanenstraße 43^17033 Neubrandenburg^undefined^www.lk-mecklenburgische-seenplatte.de
14627^Meißen^Meissen! Meißen^Sachsen^Brauhausstraße 21^01662 Meißen^undefined^www.kreis-meissen.de
10042^Merzig^Merzig-Wadern^Saarland^Bahnhofstraße 44^66663 Merzig^undefined^www.merzig-wadern.de
05158^Mettmann^Mettmann^Nordrhein-Westfalen^Düsseldorfer Straße 26^40822 Mettmann^undefined^www.kreis-mettmann.de
09182^Miesbach^Miesbach^Bayern^Rosenheimer Str. 3^83714 Miesbach^undefined^www.landkreis-miesbach.de
09676^Miltenberg^Miltenberg^Bayern^Brückenstraße 2^63897 Miltenberg^undefined^www.landkreis-miltenberg.de
05770^Minden^Minden Lubbecke! Minden-Lübbecke^Nordrhein-Westfalen^Portastraße 13^32423 Minden^undefined^www.minden-luebbecke.de
14522^Freiberg^Mittelsachsen^Sachsen^Frauensteiner Straße 43^09599 Freiberg^undefined^www.landkreis-mittelsachsen.de
09183^Mühldorf am Inn^Muhldorf am Inn! Mühldorf am Inn^Bayern^Töginger Str. 18^84453 Mühldorf a.Inn^undefined^www.landkreis-muehldorf.de
09184^München[FN 3]^Munchen! München^Bayern^Mariahilfplatz 17^81541 München^undefined^www.landkreis-muenchen.de
08225^Mosbach^Neckar-Odenwald-Kreis^Baden-Württemberg^Renzstraße 10^74821 Mosbach^undefined^neckar-odenwald-kreis.de
09775^Neu-Ulm^Neu-Ulm^Bayern^Kantstraße 8^89231 Neu-Ulm^undefined^www.landkreis.neu-ulm.de
09185^Neuburg an der Donau^Neuburg-Schrobenhausen^Bayern^Platz der Deutschen Einheit 1^86633 Neuburg a.d. Donau^undefined^www.neuburg-schrobenhausen.de
09373^Neumarkt in der Oberpfalz^Neumarkt in der Oberpfalz^Bayern^Nürnberger Str. 1^92318 Neumarkt i.d.OPf.^undefined^www.landkreis-neumarkt.de
10043^Ottweiler^Neunkirchen^Saarland^Wilhelm-Heinrich-Straße 36^66564 Ottweiler^undefined^www.landkreis-neunkirchen.de
09575^Neustadt an der Aisch^Neustadt an der Aisch-Bad Windsheim^Bayern^Konrad-Adenauer-Str. 1^91413 Neustadt a.d.Aisch^undefined^www.kreis-nea.de
09374^Neustadt an der Waldnaab^Neustadt an der Waldnaab^Bayern^Stadtplatz 38^92660 Neustadt a. d. Waldnaab^undefined^www.neustadt.de
07138^Neuwied^Neuwied^Rheinland-Pfalz^Wilhelm-Leuschner-Straße 9^56564 Neuwied^undefined^www.kreis-neuwied.de
03256^Nienburg/Weser^Nienburg/Weser^Niedersachsen^Kreishaus am Schloßplatz^31582 Nienburg^undefined^www.lk-nienburg.de
01054^Husum^Nordfriesland^Schleswig-Holstein^Marktstraße 6^25813 Husum^undefined^www.nordfriesland.de
16062^Nordhausen^Nordhausen^Thüringen^Grimmelallee 23^99734 Nordhausen^undefined^www.landratsamt-nordhausen.de
14730^Torgau^Nordsachsen^Sachsen^Schlossstraße 27^04860 Torgau^undefined^www.landkreis-nordsachsen.de
13074^Wismar^Nordwestmecklenburg^Mecklenburg-Vorpommern^Rostocker Straße 76^23970 Wismar^undefined^www.nordwestmecklenburg.de
03155^Northeim^Northeim^Niedersachsen^Medenheimer Straße 6-8^37154 Northeim^undefined^www.landkreis-northeim.de
09574^Lauf an der Pegnitz^Nurnberger Land! Nürnberger Land^Bayern^Waldluststraße 1^91207 Lauf an der Pegnitz^undefined^www.nuernberger-land.de
09780^Sonthofen^Oberallgau! Oberallgäu^Bayern^Oberallgäuer Platz 2^87527 Sonthofen^undefined^www.oberallgaeu.org
05374^Gummersbach^Oberbergischer Kreis^Nordrhein-Westfalen^Moltkestraße 42^51643 Gummersbach^undefined^www.oberbergischer-kreis.de
12065^Oranienburg^Oberhavel^Brandenburg^Adolf-Dechert-Straße 1^16515 Oranienburg^undefined^www.oberhavel.de
12066^Senftenberg^Oberspreewald-Lausitz^Brandenburg^Dubinaweg 1^01968 Senftenberg^undefined^www.osl-online.de
06437^Erbach^Odenwaldkreis^Hessen^Michelstädter Straße 12^64711 Erbach^undefined^www.odenwaldkreis.de
12067^Beeskow^Oder-Spree^Brandenburg^Breitscheidstraße 7^15848 Beeskow^undefined^www.landkreis-oder-spree.de
06438^Dietzenbach^Offenbach^Hessen^Werner-Hilpert-Straße 1^63128 Dietzenbach^undefined^www.kreis-offenbach.de
03458^Wildeshausen^Oldenburg^Niedersachsen^Delmenhorster Straße 6^27793 Wildeshausen^undefined^www.landkreis-oldenburg.de
05966^Olpe^Olpe^Nordrhein-Westfalen^Westfälische Straße 75^57462 Olpe^undefined^www.kreis-olpe.de
08317^Offenburg^Ortenaukreis^Baden-Württemberg^Badstraße 20^77652 Offenburg^undefined^www.ortenaukreis.de
03459^Osnabrück[FN 3]^Osnabruck! Osnabrück^Niedersachsen^Am Schölerberg 1^49082 Osnabrück^undefined^www.landkreis-osnabrueck.de
08136^Aalen^Ostalbkreis^Baden-Württemberg^Stuttgarter Straße 41^73430 Aalen^undefined^www.ostalbkreis.de
09777^Marktoberdorf^Ostallgau! Ostallgäu^Bayern^Schwabenstraße 11^87616 Marktoberdorf^undefined^www.ostallgaeu.de
03356^Osterholz-Scharmbeck^Osterholz^Niedersachsen^Osterholzer Straße 23^27711 Osterholz-Scharmbeck^undefined^www.landkreis-osterholz.de
03156^Osterode am Harz^Osterode am Harz^Niedersachsen^Herzberger Straße 5^37520 Osterode am Harz^undefined^www.landkreis-osterode.de
01055^Eutin^Ostholstein^Schleswig-Holstein^Lübecker Straße 41^23701 Eutin^undefined^www.kreis-oh.de
12068^Neuruppin^Ostprignitz-Ruppin^Brandenburg^Virchowstraße 14–16^16816 Neuruppin^undefined^www.ostprignitz-ruppin.de
05774^Paderborn^Paderborn^Nordrhein-Westfalen^Aldegreverstraße 10–14^33102 Paderborn^undefined^www.kreis-paderborn.de
09275^Passau[FN 3]^Passau^Bayern^Domplatz 11^94032 Passau^undefined^www.landkreis-passau.de
03157^Peine^Peine^Niedersachsen^Burgstraße 1^31224 Peine^undefined^landkreis-peine.de
09186^Pfaffenhofen an der Ilm^Pfaffenhofen an der Ilm^Bayern^Hauptplatz 22^85276 Pfaffenhofen a.d.Ilm^undefined^www.landkreis-pfaffenhofen.de
01056^Pinneberg^Pinneberg^Schleswig-Holstein^Kurt-Wagener-Straße 11^25337 Elmshorn^undefined^www.kreis-pinneberg.de
01057^Plön^Plon! Plön^Schleswig-Holstein^Hamburger Str. 17–18^24306 Plön^undefined^www.kreis-ploen.de
12069^Bad Belzig^Potsdam-Mittelmark^Brandenburg^Niemöllerstraße 1^14806 Bad Belzig^undefined^www.potsdam-mittelmark.de
12070^Perleberg^Prignitz^Brandenburg^Berliner Straße 49^19348 Perleberg^undefined^www.landkreis-prignitz.de
08216^Rastatt^Rastatt^Baden-Württemberg^Am Schlossplatz 5^76437 Rastatt^undefined^www.landkreis-rastatt.de
08436^Ravensburg^Ravensburg^Baden-Württemberg^Friedenstraße 6^88212 Ravensburg^undefined^www.landkreis-ravensburg.de
05562^Recklinghausen^Recklinghausen^Nordrhein-Westfalen^Kurt-Schumacher-Allee 1^45657 Recklinghausen^undefined^www.kreis-recklinghausen.de
09276^Regen^Regen^Bayern^Poschetsrieder Str. 16^94209 Regen^undefined^www.landkreis-regen.de
09375^Regensburg[FN 3]^Regensburg^Bayern^Altmühlstraße 3^93059 Regensburg^undefined^www.landkreis-regensburg.de
08119^Waiblingen^Rems-Murr-Kreis^Baden-Württemberg^Alter Postplatz 10^71332 Waiblingen^undefined^www.rems-murr-kreis.de
01058^Rendsburg^Rendsburg-Eckernförde^Schleswig-Holstein^Kaiserstraße 8^24768 Rendsburg^undefined^www.kreis-rendsburg-eckernfoerde.de
08415^Reutlingen^Reutlingen^Baden-Württemberg^Bismarckstr. 47^72764 Reutlingen^undefined^www.kreis-reutlingen.de
05362^Bergheim^Rhein-Erft-Kreis^Nordrhein-Westfalen^Willy-Brandt-Platz 1^50126 Bergheim^undefined^www.rhein-erft-kreis.de
06439^Bad Schwalbach^Rheingau-Taunus-Kreis^Hessen^Heimbacher Straße 7^65307 Bad Schwalbach^undefined^www.rheingau-taunus.de
07140^Simmern/Hunsrück^Rhein Hunsruck Kreis! Rhein-Hunsrück-Kreis^Rheinland-Pfalz^Ludwigstraße 3–5^55469 Simmern/Hunsrück^undefined^www.kreis-sim.de
05378^Bergisch Gladbach^Rheinisch-Bergischer Kreis^Nordrhein-Westfalen^Am Rübezahlwald 7^51469 Bergisch Gladbach^undefined^www.rbk-direkt.de
05162^Neuss^Rhein-Kreis Neuss^Nordrhein-Westfalen^Oberstraße 91^41460 Neuss^undefined^www.rhein-kreis-neuss.de
07141^Bad Ems^Rhein-Lahn-Kreis^Rheinland-Pfalz^Insel Silberau 1^56130 Bad Ems^undefined^www.rhein-lahn-kreis.de
08226^Heidelberg[FN 3]^Rhein-Neckar-Kreis^Baden-Württemberg^Kurfürstenanlage 38–40^69115 Heidelberg^undefined^www.rhein-neckar-kreis.de
07338^Ludwigshafen am Rhein[FN 3]^Rhein-Pfalz-Kreis^Rheinland-Pfalz^Europaplatz 5^67063 Ludwigshafen am Rhein^undefined^www.rhein-pfalz-kreis.de
05382^Siegburg^Rhein-Sieg-Kreis^Nordrhein-Westfalen^Kaiser-Wilhelm-Platz 1^53721 Siegburg^undefined^www.rhein-sieg-kreis.de
09673^Bad Neustadt an der Saale^Rhon Grabfeld! Rhön-Grabfeld^Bayern^Spörleinstraße 11^97616 Bad Neustadt a.d.Saale^undefined^www.rhoen-grabfeld.de
09187^Rosenheim[FN 3]^Rosenheim^Bayern^Wittelsbacherstr. 53^83022 Rosenheim^undefined^www.landkreis-rosenheim.de
13072^Güstrow^Rostock^Mecklenburg-Vorpommern^Am Wall 3–5^18273 Güstrow^undefined^www.landkreis-rostock.de
03357^Rotenburg (Wümme)^Rotenburg (Wümme)^Niedersachsen^Hopfengarten 2^27356 Rotenburg (Wümme)^undefined^lk-row.de
09576^Roth^Roth^Bayern^Weinbergweg 1^91154 Roth^undefined^www.landratsamt-roth.de
09277^Pfarrkirchen^Rottal-Inn^Bayern^Ringstraße 4-5^84347 Pfarrkirchen^undefined^www.rottal-inn.de
08325^Rottweil^Rottweil^Baden-Württemberg^Königstraße 36^78628 Rottweil^undefined^www.landkreis-rottweil.de
16074^Eisenberg^Saale-Holzland-Kreis^Thüringen^Im Schloß^07607 Eisenberg^undefined^www.saale-holzland-kreis.de
15088^Merseburg^Saalekreis^Sachsen-Anhalt^Domplatz 9^06217 Merseburg^undefined^www.saalekreis.de
16075^Schleiz^Saale-Orla-Kreis^Thüringen^Oschitzer Straße 4^07907 Schleiz^undefined^www.saale-orla-kreis.de
16073^Saalfeld/Saale^Saalfeld-Rudolstadt^Thüringen^Schloßstraße 24^07318 Saalfeld/Saale^undefined^www.kreis-slf.de
10041^Saarbrücken^Saarbrucken! Saarbrücken, Regionalverband[FN 2]^Saarland^Schlossplatz^66119 Saarbrücken^undefined^www.regionalverband-saarbruecken.de
10044^Saarlouis^Saarlouis^Saarland^Kaiser-Wilhelm-Straße 4–6^66740 Saarlouis^undefined^www.kreis-saarlouis.de
10045^Homburg^Saarpfalz-Kreis^Saarland^Am Forum 1^66424 Homburg^undefined^www.saarpfalz-kreis.de
14628^Pirna^Sachsische Schweiz Osterzgebirge! Sächsische Schweiz-Osterzgebirge^Sachsen^Schloßhof 2/4^01796 Pirna^undefined^www.landratsamt-pirna.de
15089^Bernburg (Saale)^Salzlandkreis^Sachsen-Anhalt^Karlsplatz 37^06406 Bernburg^undefined^www.kreis-slk.de
03257^Stadthagen^Schaumburg^Niedersachsen^Jahnstraße 20^31655 Stadthagen^undefined^www.schaumburg.de
01059^Schleswig^Schleswig-Flensburg^Schleswig-Holstein^Flensburger Straße 7^24837 Schleswig^undefined^www.schleswig-flensburg.de
16066^Meiningen^Schmalkalden-Meiningen^Thüringen^Obertshäuser Platz 1^98617 Meiningen^undefined^www.lk-sm.de
06634^Homberg (Efze)^Schwalm-Eder-Kreis^Hessen^Parkstraße 6^34576 Homberg (Efze)^undefined^www.schwalmederkreis.de
09376^Schwandorf^Schwandorf^Bayern^Wackersdorfer Straße 80^92421 Schwandorf^undefined^www.landkreis-schwandorf.de
08326^Villingen-Schwenningen^Schwarzwald-Baar-Kreis^Baden-Württemberg^Am Hoptbühl 2^78048 Villingen-Schwenningen^undefined^www.schwarzwald-baar-kreis.de
08127^Schwabisch Hall! Schwäbisch Hall^Schwabisch Hall! Schwäbisch Hall^Baden-Württemberg^Münzstraße 1^74523 Schwäbisch Hall^undefined^www.lrasha.de
09678^Schweinfurt[FN 3]^Schweinfurt^Bayern^Schrammstr. 1^97421 Schweinfurt^undefined^landkreis-schweinfurt.de
01060^Bad Segeberg^Segeberg^Schleswig-Holstein^Hamburger Straße 30^23795 Bad Segeberg^undefined^www.kreis-segeberg.de
05970^Siegen^Siegen-Wittgenstein^Nordrhein-Westfalen^Koblenzer Straße 73^57072 Siegen^undefined^www.siegen-wittgenstein.de
08437^Sigmaringen^Sigmaringen^Baden-Württemberg^Leopoldstraße 4^72488 Sigmaringen^undefined^www.landkreis-sigmaringen.de
05974^Soest^Soest^Nordrhein-Westfalen^Hoher Weg 1–3^59494 Soest^undefined^www.kreis-soest.de
16068^Sommerda! Sömmerda^Sommerda! Sömmerda^Thüringen^Bahnhofstraße 9^99610 Sömmerda^undefined^www.landkreis-soemmerda.de
16072^Sonneberg^Sonneberg^Thüringen^Bahnhofstraße 66^96515 Sonneberg^undefined^www.landkreis-sonneberg.de
12071^Forst (Lausitz)^Spree Neisse! Spree-Neiße^Brandenburg^Heinrich-Heine-Straße 1^03149 Forst (Lausitz)^undefined^www.landkreis-spree-neisse.de
10046^St. Wendel^Sankt Wendel! St. Wendel^Saarland^Mommstraße 21-31^66606 St. Wendel^undefined^www.landkreis-st-wendel.de
03359^Stade^Stade^Niedersachsen^Am Sande 2^21682 Stade^undefined^www.landkreis-stade.de
09188^Starnberg^Starnberg^Bayern^Strandbadstr. 2^82319 Starnberg^undefined^www.lk-starnberg.de
01061^Itzehoe^Steinburg^Schleswig-Holstein^Viktoriastraße 16-18^25524 Itzehoe^undefined^www.steinburg.de
05566^Steinfurt^Steinfurt^Nordrhein-Westfalen^Tecklenburger Straße 10^48565 Steinfurt^undefined^www.kreis-steinfurt.de
15090^Stendal^Stendal^Sachsen-Anhalt^Hospitalstraße 1–2^39576 Stendal^undefined^www.landkreis-stendal.de
01062^Bad Oldesloe^Stormarn^Schleswig-Holstein^Mommsenstraße 13^23843 Bad Oldesloe^undefined^www.kreis-stormarn.de
09278^Straubing[FN 3]^Straubing-Bogen^Bayern^Leutnerstraße 15^94315 Straubing^undefined^www.straubing-bogen.de
07337^Landau in der Pfalz[FN 3]^Sudliche Weinstrasse! Südliche Weinstraße^Rheinland-Pfalz^An der Kreuzmühle 2^76829 Landau in der Pfalz^undefined^www.suedliche-weinstrasse.de
07340^Pirmasens[FN 3]^Sudwestpfalz! Südwestpfalz^Rheinland-Pfalz^Unterer Sommerwald 40–42^66953 Pirmasens^undefined^www.lksuedwestpfalz.de
12072^Luckenwalde^Teltow Flaming! Teltow-Fläming^Brandenburg^Am Nuthefließ 2^14943 Luckenwalde^undefined^www.teltow-flaeming.de
09377^Tirschenreuth^Tirschenreuth^Bayern^Mähringer Str. 7^95643 Tirschenreuth^undefined^www.kreis-tir.de
09189^Traunstein^Traunstein^Bayern^Papst-Benedikt-XVI.-Platz^83278 Traunstein^undefined^www.traunstein.com
07235^Trier[FN 3]^Trier-Saarburg^Rheinland-Pfalz^Willy-Brandt-Platz 1^54290 Trier^undefined^www.trier-saarburg.de
08416^Tubingen! Tübingen^Tubingen! Tübingen^Baden-Württemberg^Wilhelm-Keil-Str. 50^72072 Tübingen^undefined^www.kreis-tuebingen.de
08327^Tuttlingen^Tuttlingen^Baden-Württemberg^Bahnhofstraße 100^78532 Tuttlingen^undefined^www.landkreis-tuttlingen.de
12073^Prenzlau^Uckermark^Brandenburg^Karl-Marx-Straße 1^17291 Prenzlau^undefined^landkreis.uckermark.de
03360^Uelzen^Uelzen^Niedersachsen^Veerßer Straße 53^29525 Uelzen^undefined^www.uelzen.de
05978^Unna^Unna^Nordrhein-Westfalen^Friedrich-Ebert-Straße 17^59425 Unna^undefined^www.kreis-unna.de
16064^Mühlhausen/Thüringen^Unstrut-Hainich-Kreis^Thüringen^Brunnenstraße 94^99974 Mühlhausen/Thüringen^undefined^www.landkreis-unstrut-hainich.de
09778^Mindelheim^Unterallgau! Unterallgäu^Bayern^Bad Wörishofer Str. 33^87719 Mindelheim^undefined^www.unterallgaeu.de
03460^Vechta^Vechta^Niedersachsen^Ravensberger Straße 20^49377 Vechta^undefined^www.landkreis-vechta.de
03361^Verden (Aller)^Verden^Niedersachsen^Lindhooper Straße 67^27283 Verden (Aller)^undefined^www.landkreis-verden.de
05166^Viersen^Viersen^Nordrhein-Westfalen^Rathausmarkt 3^41747 Viersen^undefined^www.kreis-viersen.de
06535^Lauterbach (Hessen)^Vogelsbergkreis^Hessen^Goldhelg 20^36341 Lauterbach^undefined^www.vogelsbergkreis.de
14523^Plauen^Vogtlandkreis^Sachsen^Neundorfer Straße 96^08523 Plauen^undefined^www.vogtlandkreis.de
13075^Greifswald^Vorpommern-Greifswald^Mecklenburg-Vorpommern^Feldstraße 85 a^17489 Greifswald^undefined^www.kreis-vg.de
13073^Stralsund^Vorpommern-Rugen! Vorpommern-Rügen^Mecklenburg-Vorpommern^Carl-Heydemann-Ring 67^18437 Stralsund^undefined^www.lk-vr.de
07233^Daun^Vulkaneifel^Rheinland-Pfalz^Mainzer Straße 25^54550 Daun^undefined^www.vulkaneifel.de
06635^Korbach^Waldeck-Frankenberg^Hessen^Südring 2^34497 Korbach^undefined^www.landkreis-waldeck-frankenberg.de
08337^Waldshut-Tiengen^Waldshut^Baden-Württemberg^Kaiserstraße 110^79761 Waldshut-Tiengen^undefined^www.landkreis-waldshut.de
05570^Warendorf^Warendorf^Nordrhein-Westfalen^Waldenburger Straße 2^48231 Warendorf^undefined^www.kreis-warendorf.de
16063^Bad Salzungen^Wartburgkreis^Thüringen^Erzberger Allee 14^36433 Bad Salzungen^undefined^www.wartburgkreis.de
09190^Weilheim in Oberbayern^Weilheim-Schongau^Bayern^Pütrichstraße 8^82362 Weilheim i.OB^undefined^www.weilheim-schongau.de
16071^Apolda^Weimarer Land^Thüringen^Bahnhofstraße 28^99510 Apolda^undefined^www.weimarer-land.de
09577^Weißenburg i.Bay.^Weißenburg-Gunzenhausen^Bayern^Bahnhofstraße 2^91781 Weißenburg^undefined^www.landkreis-wug.de
06636^Eschwege^Werra Meissner Kreis! Werra-Meißner-Kreis^Hessen^Schlossplatz 1^37269 Eschwege^undefined^www.werra-meissner-kreis.de
05170^Wesel^Wesel^Nordrhein-Westfalen^Reeser Landstraße 31^46483 Wesel^undefined^www.kreis-wesel.de
03461^Brake (Unterweser)^Wesermarsch^Niedersachsen^Poggenburger Straße 15^26919 Brake (Unterweser)^undefined^www.landkreis-wesermarsch.de
07143^Montabaur^Westerwaldkreis^Rheinland-Pfalz^Peter-Altmeier-Platz 1^56410 Montabaur^undefined^www.westerwald-kreis.de
06440^Friedberg (Hessen)^Wetteraukreis^Hessen^Europaplatz^61169 Friedberg (Hessen)^undefined^www.wetteraukreis.de
15091^Lutherstadt Wittenberg^Wittenberg^Sachsen-Anhalt^Breitscheidstraße 3^06886 Lutherstadt Wittenberg^undefined^www.landkreis-wittenberg.de
03462^Wittmund^Wittmund^Niedersachsen^Am Markt 9^26409 Wittmund^undefined^www.landkreis.wittmund.de
03158^Wolfenbüttel^Wolfenbuttel! Wolfenbüttel^Niedersachsen^Bahnhofstraße 11^38300 Wolfenbüttel^undefined^www.lk-wolfenbuettel.de
09479^Wunsiedel^Wunsiedel im Fichtelgebirge^Bayern^Jean-Paul-Straße 9^95632 Wunsiedel^undefined^www.landkreis-wunsiedel.de
09679^Würzburg[FN 3]^Wurzburg! Würzburg^Bayern^Zeppelinstraße 15^97074 Würzburg^undefined^www.landkreis-wuerzburg.de
08417^Balingen^Zollernalbkreis^Baden-Württemberg^Hirschbergstraße 29^72336 Balingen^undefined^www.zollernalbkreis.de
14524^Zwickau^Zwickau^Sachsen^Robert-Müller-Str. 4–8, 08056 Zwickau^undefined^undefined^www.landkreis-zwickau.de
